<?xml version="1.0" encoding="utf-8" ?>
<dwsync>
<file name="default.png" server="C:/wamp64/www/enugu_diocese/" local="131528125720000000" remote="131528125720000000" Dst="0" />
<file name="default_image.png" server="C:/wamp64/www/enugu_diocese/" local="131528125740000000" remote="131528125740000000" Dst="0" />
<file name="graph-bg-darker.jpg" server="C:/wamp64/www/enugu_diocese/" local="131528125720000000" remote="131528125720000000" Dst="0" />
<file name="graph-bg.jpg" server="C:/wamp64/www/enugu_diocese/" local="131528125720000000" remote="131528125720000000" Dst="0" />
<file name="graph-button-hover.jpg" server="C:/wamp64/www/enugu_diocese/" local="131528125700000000" remote="131528125700000000" Dst="0" />
<file name="graph-button.jpg" server="C:/wamp64/www/enugu_diocese/" local="131528125700000000" remote="131528125700000000" Dst="0" />
<file name="loaderb64.gif" server="C:/wamp64/www/enugu_diocese/" local="131528125680000000" remote="131528125680000000" Dst="0" />
<file name="loading.gif" server="C:/wamp64/www/enugu_diocese/" local="131677669260000000" remote="131677669260000000" Dst="0" />
<file name="loading4.gif" server="C:/wamp64/www/enugu_diocese/" local="131677665960000000" remote="131677665960000000" Dst="0" />
<file name="loading5.gif" server="C:/wamp64/www/enugu_diocese/" local="131677660040000000" remote="131677660040000000" Dst="0" />
<file name="login-view.png" server="C:/wamp64/www/enugu_diocese/" local="131528125680000000" remote="131528125680000000" Dst="0" />
<file name="logo.png" server="C:/wamp64/www/enugu_diocese/" local="131851218100000000" remote="131851218100000000" Dst="0" />
<file name="shop.jpg" server="C:/wamp64/www/enugu_diocese/" local="131528125680000000" remote="131528125680000000" Dst="0" />
<file name="warning.png" server="C:/wamp64/www/enugu_diocese/" local="131528125660000000" remote="131528125660000000" Dst="0" />
<file name="b6.jpg" server="C:/xampp/htdocs/judan/" local="131955848260546494" remote="131955848260000000" Dst="0" />
</dwsync>