<?xml version="1.0" encoding="utf-8" ?>
<dwsync>
<file name="get_role_func.php" server="C:/wamp64/www/enugu_diocese/" local="131939164418466702" remote="131939164410000000" Dst="0" />
<file name="param_page.php" server="C:/wamp64/www/enugu_diocese/" local="131940119822476618" remote="131940119820000000" Dst="0" />
<file name="action_param_page.php" server="C:/wamp64/www/enugu_diocese/" local="131881401300000000" remote="131881401300000000" Dst="0" />
<file name="navbar.php" server="C:/wamp64/www/enugu_diocese/" local="131886583091232199" remote="131886583090000000" Dst="0" />
<file name="confirm_load.php" server="C:/wamp64/www/enugu_diocese/" local="131860646940000000" remote="131860646940000000" Dst="0" />
<file name="confirm_result.php" server="C:/wamp64/www/enugu_diocese/" local="131939182954845840" remote="131939182950000000" Dst="0" />
<file name="default.php" server="C:/wamp64/www/enugu_diocese/" local="131940212752391421" remote="131940212750000000" Dst="0" />
<file name="email_functions.php" server="C:/wamp64/www/enugu_diocese/" local="131528123960000000" remote="131528123960000000" Dst="0" />
<file name="fileserver.php" server="C:/wamp64/www/enugu_diocese/" local="131763114240000000" remote="131763114240000000" Dst="0" />
<file name="generic_transaction.php" server="C:/wamp64/www/enugu_diocese/" local="131528123940000000" remote="131528123940000000" Dst="0" />
<file name="getDashboard.php" server="C:/wamp64/www/enugu_diocese/" local="131751097240000000" remote="131751097240000000" Dst="0" />
<file name="get_category.php" server="C:/wamp64/www/enugu_diocese/" local="131528123920000000" remote="131528123920000000" Dst="0" />
<file name="get_company_info.php" server="C:/wamp64/www/enugu_diocese/" local="131851068600000000" remote="131851068600000000" Dst="0" />
<file name="get_filter_parameter.php" server="C:/wamp64/www/enugu_diocese/" local="131751097240000000" remote="131751097240000000" Dst="0" />
<file name="get_last.php" server="C:/wamp64/www/enugu_diocese/" local="131751097240000000" remote="131751097240000000" Dst="0" />
<file name="get_page_func.php" server="C:/wamp64/www/enugu_diocese/" local="131710514160000000" remote="131710514160000000" Dst="0" />
<file name="get_param.php" server="C:/wamp64/www/enugu_diocese/" local="131939201529802306" remote="131939201520000000" Dst="0" />
<file name="get_role.php" server="C:/wamp64/www/enugu_diocese/" local="131751098600000000" remote="131751098600000000" Dst="0" />
<file name="get_role_desc.php" server="C:/wamp64/www/enugu_diocese/" local="131751106100000000" remote="131751106100000000" Dst="0" />
<file name="home.php" server="C:/wamp64/www/enugu_diocese/" local="131787112120000000" remote="131787112120000000" Dst="0" />
<file name="html2pdf.class.php" server="C:/wamp64/www/enugu_diocese/" local="131528123860000000" remote="131528123860000000" Dst="0" />
<file name="HTML_functions.php" server="C:/wamp64/www/enugu_diocese/" local="131841507980000000" remote="131841507980000000" Dst="0" />
<file name="index.php" server="C:/wamp64/www/enugu_diocese/" local="131940060617167359" remote="131940060610000000" Dst="0" />
<file name="log_out.php" server="C:/wamp64/www/enugu_diocese/" local="131851079020000000" remote="131851079020000000" Dst="0" />
<file name="multi_print.php" server="C:/wamp64/www/enugu_diocese/" local="131751913260000000" remote="131751913260000000" Dst="0" />
<file name="nav.php" server="C:/wamp64/www/enugu_diocese/" local="131867470240000000" remote="131867470240000000" Dst="0" />
<file name="office_extractor.php" server="C:/wamp64/www/enugu_diocese/" local="131855354740000000" remote="131855354740000000" Dst="0" />
<file name="param_page2.php" server="C:/wamp64/www/enugu_diocese/" local="131755982460000000" remote="131755982460000000" Dst="0" />
<file name="proccess_login.php" server="C:/wamp64/www/enugu_diocese/" local="131859874220000000" remote="131859874220000000" Dst="0" />
<file name="processAjax.php" server="C:/wamp64/www/enugu_diocese/" local="131939163982147788" remote="131939163980000000" Dst="0" />
<file name="process_bulk_sms.php" server="C:/wamp64/www/enugu_diocese/" local="131850382500000000" remote="131850382500000000" Dst="0" />
<file name="process_generic.php" server="C:/wamp64/www/enugu_diocese/" local="131939193543405685" remote="131939193540000000" Dst="0" />
<file name="process_load.php" server="C:/wamp64/www/enugu_diocese/" local="131939331627841234" remote="131939331620000000" Dst="0" />
<file name="process_result.php" server="C:/wamp64/www/enugu_diocese/" local="131940234964645962" remote="131940234960000000" Dst="0" />
<file name="select_page.php" server="C:/wamp64/www/enugu_diocese/" local="131751147760000000" remote="131751147760000000" Dst="0" />
<file name="sms_functions.php" server="C:/wamp64/www/enugu_diocese/" local="131528123680000000" remote="131528123680000000" Dst="0" />
<file name="table_func.php" server="C:/wamp64/www/enugu_diocese/" local="131849549760000000" remote="131849549760000000" Dst="0" />
<file name="task_param_page.php" server="C:/wamp64/www/enugu_diocese/" local="131725804540000000" remote="131725804540000000" Dst="0" />
<file name="upload_v2_0.php" server="C:/wamp64/www/enugu_diocese/" local="131887481518071095" remote="131887481510000000" Dst="0" />
<file name="action_param_page.php" server="C:/wamp64/www/eass_enugu" local="131881401300000000" remote="131881401300000000" Dst="0" />
<file name="param_page.php" server="C:/wamp64/www/eass_enugu" local="131940119822476618" remote="131940119820000000" Dst="0" />
<file name="get_page_func.php" server="C:/wamp64/www/eass_enugu" local="131710514160000000" remote="131710514160000000" Dst="0" />
<file name="select_page.php" server="C:/wamp64/www/eass_enugu" local="131751147760000000" remote="131751147760000000" Dst="0" />
<file name="get_param.php" server="C:/wamp64/www/eass_enugu" local="131939201529802306" remote="131939201520000000" Dst="0" />
<file name="table_func.php" server="C:/wamp64/www/eass_enugu" local="131849549760000000" remote="131849549760000000" Dst="0" />
<file name="office_extractor.php" server="C:/wamp64/www/eass_enugu" local="131855354740000000" remote="131855354740000000" Dst="0" />
<file name="fileserver.php" server="C:/wamp64/www/eass_enugu" local="131763114240000000" remote="131763114240000000" Dst="0" />
<file name="confirm_load.php" server="C:/wamp64/www/eass_enugu" local="131860646940000000" remote="131860646940000000" Dst="0" />
<file name="process_load.php" server="C:/wamp64/www/eass_enugu" local="131860772220000000" remote="131860772220000000" Dst="0" />
<file name="get_role_func.php" server="C:/wamp64/www/eass_enugu" local="131939164418466702" remote="131939164410000000" Dst="0" />
<file name="proccess_login.php" server="C:/xampp/htdocs/judan/" local="131859874220000000" remote="131859874220000000" Dst="0" />
<file name="get_company_info.php" server="C:/xampp/htdocs/judan/" local="131851068600000000" remote="131851068600000000" Dst="0" />
<file name="index.php" server="C:/xampp/htdocs/judan/" local="131981548576717513" remote="131981548570000000" Dst="0" />
<file name="get_role_func.php" server="C:/xampp/htdocs/judan/" local="131986757024880677" remote="131986757020000000" Dst="0" />
<file name="param_page.php" server="C:/xampp/htdocs/judan/" local="131986752319060219" remote="131986752310000000" Dst="0" />
</dwsync>