<?xml version="1.0" encoding="utf-8" ?>
<dwsync>
<file name="Amen.xlsx" server="C:/wamp64/www/enugu_diocese/" local="131871777680000000" remote="131871777680000000" Dst="0" />
<file name="Book1.csv" server="C:/wamp64/www/enugu_diocese/" local="131855474000000000" remote="131855474000000000" Dst="0" />
<file name="CATHOLIC DIOCESE OF ENUGU 2.csv" server="C:/wamp64/www/enugu_diocese/" local="131860638760000000" remote="131860638760000000" Dst="0" />
<file name="CATHOLIC DIOCESE OF ENUGU 2.xlsx" server="C:/wamp64/www/enugu_diocese/" local="131862112120000000" remote="131862112120000000" Dst="0" />
<file name="CATHOLIC DIOCESE OF ENUGU.xlsx" server="C:/wamp64/www/enugu_diocese/" local="131860776560000000" remote="131860776560000000" Dst="0" />
<file name="confirm_load.php" server="C:/wamp64/www/enugu_diocese/" local="131860779820000000" remote="131860779820000000" Dst="0" />
<file name="TERM RESULT SHEET.csv" server="C:/wamp64/www/enugu_diocese/" local="131862181520000000" remote="131862181520000000" Dst="0" />
<file name="TERMRESULTSHEET.xlsx" server="C:/wamp64/www/enugu_diocese/" local="131859051420000000" remote="131859051420000000" Dst="0" />
<file name="TERMRESULTSHEET2.xlsx" server="C:/wamp64/www/enugu_diocese/" local="131868520680000000" remote="131868520680000000" Dst="0" />
<file name="Download.jpg" server="C:/wamp64/www/enugu_diocese/" local="131916819644666549" remote="131916819640000000" Dst="0" />
<file name="footbal.docx" server="C:/wamp64/www/enugu_diocese/" local="131916792359948620" remote="131916792350000000" Dst="0" />
</dwsync>