<?xml version="1.0" encoding="utf-8" ?>
<dwsync>
<file name="add.svg" server="C:/wamp64/www/enugu_diocese" local="131813217580010752" remote="131813216320000000" Dst="-1" />
<file name="add.svg" server="C:/wamp64/www/enugu_diocese/" local="131883864340000000" remote="131883864340000000" Dst="0" />
<file name="date_range.svg" server="C:/wamp64/www/enugu_diocese" local="131813225850223149" remote="131813224910000000" Dst="-1" />
<file name="date_range.svg" server="C:/wamp64/www/enugu_diocese/" local="131883883720000000" remote="131883883720000000" Dst="0" />
<file name="equalizer.svg" server="C:/wamp64/www/enugu_diocese" local="131813225454654004" remote="131813224910000000" Dst="-1" />
<file name="equalizer.svg" server="C:/wamp64/www/enugu_diocese/" local="131883883420000000" remote="131883883420000000" Dst="0" />
<file name="power_settings_new.svg" server="C:/wamp64/www/enugu_diocese" local="131813226295824037" remote="131813224910000000" Dst="-1" />
<file name="power_settings_new.svg" server="C:/wamp64/www/enugu_diocese/" local="131883881520000000" remote="131883881520000000" Dst="0" />
<file name="settings.svg" server="C:/wamp64/www/enugu_diocese" local="131813224193437916" remote="131813220620000000" Dst="-1" />
<file name="settings.svg" server="C:/wamp64/www/enugu_diocese/" local="131883865360000000" remote="131883865360000000" Dst="0" />
<file name="shop.svg" server="C:/wamp64/www/enugu_diocese" local="131813224909368863" remote="131813220620000000" Dst="-1" />
<file name="shop.svg" server="C:/wamp64/www/enugu_diocese/" local="131883865600000000" remote="131883865600000000" Dst="0" />
<file name="widgets.svg" server="C:/wamp64/www/enugu_diocese" local="131813224406784719" remote="131813220620000000" Dst="-1" />
<file name="widgets.svg" server="C:/wamp64/www/enugu_diocese/" local="131883865980000000" remote="131883865980000000" Dst="0" />
<file name="chevron_left.svg" server="C:/wamp64/www/enugu_diocese" local="131813238867508295" remote="131813237800000000" Dst="-1" />
<file name="chevron_left.svg" server="C:/wamp64/www/enugu_diocese/" local="131883864960000000" remote="131883864960000000" Dst="0" />
<file name="chevron_right.svg" server="C:/wamp64/www/enugu_diocese" local="131813238982327556" remote="131813237800000000" Dst="-1" />
<file name="chevron_right.svg" server="C:/wamp64/www/enugu_diocese/" local="131883867740000000" remote="131883867740000000" Dst="0" />
<file name="close.svg" server="C:/wamp64/www/enugu_diocese" local="131813246541236812" remote="131813246390000000" Dst="-1" />
<file name="close.svg" server="C:/wamp64/www/enugu_diocese/" local="131883880120000000" remote="131883880120000000" Dst="0" />
<file name="delete.svg" server="C:/wamp64/www/enugu_diocese" local="131813245174711755" remote="131813242090000000" Dst="-1" />
<file name="delete.svg" server="C:/wamp64/www/enugu_diocese/" local="131883883680000000" remote="131883883680000000" Dst="0" />
<file name="expand_more.svg" server="C:/wamp64/www/enugu_diocese" local="131813237971226126" remote="131813237800000000" Dst="-1" />
<file name="expand_more.svg" server="C:/wamp64/www/enugu_diocese/" local="131883883300000000" remote="131883883300000000" Dst="0" />
<file name="home.svg" server="C:/wamp64/www/enugu_diocese" local="131813237411994221" remote="131813233500000000" Dst="-1" />
<file name="home.svg" server="C:/wamp64/www/enugu_diocese/" local="131884015100000000" remote="131884015100000000" Dst="0" />
<file name="more_horiz.svg" server="C:/wamp64/www/enugu_diocese" local="131813237838746241" remote="131813237800000000" Dst="-1" />
<file name="more_horiz.svg" server="C:/wamp64/www/enugu_diocese/" local="131883882520000000" remote="131883882520000000" Dst="0" />
<file name="more_vert.svg" server="C:/wamp64/www/enugu_diocese" local="131813237686223100" remote="131813233500000000" Dst="-1" />
<file name="more_vert.svg" server="C:/wamp64/www/enugu_diocese/" local="131883882480000000" remote="131883882480000000" Dst="0" />
<file name="playlist_add.svg" server="C:/wamp64/www/enugu_diocese" local="131813249137404468" remote="131813246390000000" Dst="-1" />
<file name="playlist_add.svg" server="C:/wamp64/www/enugu_diocese/" local="131883881840000000" remote="131883881840000000" Dst="0" />
<file name="print.svg" server="C:/wamp64/www/enugu_diocese" local="131813238262520476" remote="131813237800000000" Dst="-1" />
<file name="print.svg" server="C:/wamp64/www/enugu_diocese/" local="131883881460000000" remote="131883881460000000" Dst="0" />
<file name="replay.svg" server="C:/wamp64/www/enugu_diocese" local="131813240769510292" remote="131813237800000000" Dst="-1" />
<file name="replay.svg" server="C:/wamp64/www/enugu_diocese/" local="131883881400000000" remote="131883881400000000" Dst="0" />
<file name="reply.svg" server="C:/wamp64/www/enugu_diocese" local="131813240852767646" remote="131813237800000000" Dst="-1" />
<file name="reply.svg" server="C:/wamp64/www/enugu_diocese/" local="131883865080000000" remote="131883865080000000" Dst="0" />
<file name="save.svg" server="C:/wamp64/www/enugu_diocese" local="131813245797527706" remote="131813242090000000" Dst="-1" />
<file name="save.svg" server="C:/wamp64/www/enugu_diocese/" local="131883881340000000" remote="131883881340000000" Dst="0" />
<file name="search.svg" server="C:/wamp64/www/enugu_diocese" local="131813244792778821" remote="131813242090000000" Dst="-1" />
<file name="search.svg" server="C:/wamp64/www/enugu_diocese/" local="131883920900000000" remote="131883920900000000" Dst="0" />
<file name="grid_off.svg" server="C:/wamp64/www/enugu_diocese" local="131813264407855954" remote="131813263570000000" Dst="-1" />
<file name="grid_off.svg" server="C:/wamp64/www/enugu_diocese/" local="131883883100000000" remote="131883883100000000" Dst="0" />
<file name="menu.svg" server="C:/wamp64/www/enugu_diocese" local="131813264204471746" remote="131813263570000000" Dst="-1" />
<file name="menu.svg" server="C:/wamp64/www/enugu_diocese/" local="131883882660000000" remote="131883882660000000" Dst="0" />
<file name="payment.svg" server="C:/wamp64/www/enugu_diocese" local="131813263580357007" remote="131813263570000000" Dst="-1" />
<file name="payment.svg" server="C:/wamp64/www/enugu_diocese/" local="131883882420000000" remote="131883882420000000" Dst="0" />
<file name="person.svg" server="C:/wamp64/www/enugu_diocese" local="131813264996279682" remote="131813263570000000" Dst="-1" />
<file name="person.svg" server="C:/wamp64/www/enugu_diocese/" local="131883882300000000" remote="131883882300000000" Dst="0" />
<file name="person_outline.svg" server="C:/wamp64/www/enugu_diocese" local="131813265285131313" remote="131813263570000000" Dst="-1" />
<file name="person_outline.svg" server="C:/wamp64/www/enugu_diocese/" local="131883882140000000" remote="131883882140000000" Dst="0" />
<file name="dns.svg" server="C:/wamp64/www/enugu_diocese" local="131813278118588365" remote="131813276450000000" Dst="-1" />
<file name="dns.svg" server="C:/wamp64/www/enugu_diocese/" local="131883883620000000" remote="131883883620000000" Dst="0" />
<file name="event_note.svg" server="C:/wamp64/www/enugu_diocese" local="131813277922807764" remote="131813276450000000" Dst="-1" />
<file name="event_note.svg" server="C:/wamp64/www/enugu_diocese/" local="131883883380000000" remote="131883883380000000" Dst="0" />
<file name="playlist_add_check.svg" server="C:/wamp64/www/enugu_diocese" local="131813277660971185" remote="131813276450000000" Dst="-1" />
<file name="playlist_add_check.svg" server="C:/wamp64/www/enugu_diocese/" local="131883881760000000" remote="131883881760000000" Dst="0" />
<file name="send.svg" server="C:/wamp64/www/enugu_diocese" local="131813277369821371" remote="131813276450000000" Dst="-1" />
<file name="send.svg" server="C:/wamp64/www/enugu_diocese/" local="131883881280000000" remote="131883881280000000" Dst="0" />
<file name="line_weight.svg" server="C:/wamp64/www/enugu_diocese" local="131813279700305229" remote="131813276450000000" Dst="-1" />
<file name="line_weight.svg" server="C:/wamp64/www/enugu_diocese/" local="131883882760000000" remote="131883882760000000" Dst="0" />
<file name="email.svg" server="C:/wamp64/www/enugu_diocese" local="131813282132579541" remote="131813280750000000" Dst="-1" />
<file name="email.svg" server="C:/wamp64/www/enugu_diocese/" local="131883883480000000" remote="131883883480000000" Dst="0" />
<file name="get_app.svg" server="C:/wamp64/www/enugu_diocese" local="131813282618335645" remote="131813280750000000" Dst="-1" />
<file name="get_app.svg" server="C:/wamp64/www/enugu_diocese/" local="131883883160000000" remote="131883883160000000" Dst="0" />
<file name="visibility.svg" server="C:/wamp64/www/enugu_diocese" local="131813282901803178" remote="131813280750000000" Dst="-1" />
<file name="visibility.svg" server="C:/wamp64/www/enugu_diocese/" local="131883865900000000" remote="131883865900000000" Dst="0" />
<file name="bubble_chart.svg" server="C:/wamp64/www/enugu_diocese" local="131813290481265399" remote="131813289340000000" Dst="-1" />
<file name="bubble_chart.svg" server="C:/wamp64/www/enugu_diocese/" local="131883864820000000" remote="131883864820000000" Dst="0" />
<file name="sms.svg" server="C:/wamp64/www/enugu_diocese" local="131813338622032271" remote="131813336580000000" Dst="-1" />
<file name="sms.svg" server="C:/wamp64/www/enugu_diocese/" local="131883865700000000" remote="131883865700000000" Dst="0" />
<file name="mode_edit.svg" server="C:/wamp64/www/enugu_diocese" local="131831317360201619" remote="131831315320000000" Dst="-1" />
<file name="mode_edit.svg" server="C:/wamp64/www/enugu_diocese/" local="131883882600000000" remote="131883882600000000" Dst="0" />
<file name="pie_chart.svg" server="C:/wamp64/www/enugu_diocese" local="131831317584382657" remote="131831315320000000" Dst="-1" />
<file name="pie_chart.svg" server="C:/wamp64/www/enugu_diocese/" local="131883882040000000" remote="131883882040000000" Dst="0" />
<file name="report_off.svg" server="C:/wamp64/www/enugu_diocese" local="131831319822068877" remote="131831319610000000" Dst="-1" />
<file name="report_off.svg" server="C:/wamp64/www/enugu_diocese/" local="131883865180000000" remote="131883865180000000" Dst="0" />
<file name="show_chart.svg" server="C:/wamp64/www/enugu_diocese" local="131831318333351259" remote="131831315320000000" Dst="-1" />
<file name="show_chart.svg" server="C:/wamp64/www/enugu_diocese/" local="131883881220000000" remote="131883881220000000" Dst="0" />
<file name="sync.svg" server="C:/wamp64/www/enugu_diocese" local="131831317950697936" remote="131831315320000000" Dst="-1" />
<file name="sync.svg" server="C:/wamp64/www/enugu_diocese/" local="131883865800000000" remote="131883865800000000" Dst="0" />
<file name="arrow_forward.svg" server="C:/wamp64/www/enugu_diocese" local="131831325678500254" remote="131831323910000000" Dst="-1" />
<file name="arrow_forward.svg" server="C:/wamp64/www/enugu_diocese/" local="131883864440000000" remote="131883864440000000" Dst="0" />
<file name="arrow_forward_ios.svg" server="C:/wamp64/www/enugu_diocese" local="131831325585606282" remote="131831323910000000" Dst="-1" />
<file name="arrow_forward_ios.svg" server="C:/wamp64/www/enugu_diocese/" local="131883864640000000" remote="131883864640000000" Dst="0" />
<file name="forward.svg" server="C:/wamp64/www/enugu_diocese" local="131831325462289566" remote="131831323910000000" Dst="-1" />
<file name="forward.svg" server="C:/wamp64/www/enugu_diocese/" local="131883883260000000" remote="131883883260000000" Dst="0" />
<file name="grid_on.svg" server="C:/wamp64/www/enugu_diocese/" local="131883882980000000" remote="131883882980000000" Dst="0" />
<file name="contact_phone.svg" server="C:/wamp64/www/enugu_diocese/" local="131883883760000000" remote="131883883760000000" Dst="0" />
<file name="group.svg" server="C:/wamp64/www/enugu_diocese/" local="131883882920000000" remote="131883882920000000" Dst="0" />
<file name="people.svg" server="C:/wamp64/www/enugu_diocese/" local="131883882360000000" remote="131883882360000000" Dst="0" />
<file name="person_outline (2).svg" server="C:/wamp64/www/enugu_diocese/" local="131883882220000000" remote="131883882220000000" Dst="0" />
<file name="school.svg" server="C:/wamp64/www/enugu_diocese/" local="131883866100000000" remote="131883866100000000" Dst="0" />
<file name="arrow_back.svg" server="C:/wamp64/www/enugu_diocese/" local="131883880600000000" remote="131883880600000000" Dst="0" />
<file name="clear.svg" server="C:/wamp64/www/enugu_diocese/" local="131883914500000000" remote="131883914500000000" Dst="0" />
<file name="publish.svg" server="C:/wamp64/www/enugu_diocese/" local="131883932060000000" remote="131883932060000000" Dst="0" />
<file name="reply_black.svg" server="C:/wamp64/www/enugu_diocese/" local="131883941000000000" remote="131883941000000000" Dst="0" />
<file name="archive.svg" server="C:/wamp64/www/enugu_diocese/" local="131172469040000000" remote="131172469040000000" Dst="0" />
<file name="clear_black.svg" server="C:/wamp64/www/enugu_diocese/" local="131884897340000000" remote="131884897340000000" Dst="0" />
<file name="create_new_folder.svg" server="C:/wamp64/www/enugu_diocese/" local="131172469040000000" remote="131172469040000000" Dst="0" />
<file name="delete_black.svg" server="C:/wamp64/www/enugu_diocese/" local="131884871240000000" remote="131884871240000000" Dst="0" />
<file name="edit.svg" server="C:/wamp64/www/enugu_diocese/" local="131884897560000000" remote="131884897560000000" Dst="0" />
<file name="edit_black.svg" server="C:/wamp64/www/enugu_diocese/" local="131884897660000000" remote="131884897660000000" Dst="0" />
<file name="folder.svg" server="C:/wamp64/www/enugu_diocese/" local="131172469040000000" remote="131172469040000000" Dst="0" />
<file name="insert_photo.svg" server="C:/wamp64/www/enugu_diocese/" local="131172469040000000" remote="131172469040000000" Dst="0" />
<file name="library_books.svg" server="C:/wamp64/www/enugu_diocese/" local="131172469040000000" remote="131172469040000000" Dst="0" />
<file name="library_music.svg" server="C:/wamp64/www/enugu_diocese/" local="131172469040000000" remote="131172469040000000" Dst="0" />
<file name="mode_edit_black.svg" server="C:/wamp64/www/enugu_diocese/" local="131884871300000000" remote="131884871300000000" Dst="0" />
<file name="more_vert_black.svg" server="C:/wamp64/www/enugu_diocese/" local="131884871340000000" remote="131884871340000000" Dst="0" />
<file name="photo_camera.svg" server="C:/wamp64/www/enugu_diocese/" local="131172469040000000" remote="131172469040000000" Dst="0" />
<file name="picture_as_pdf.svg" server="C:/wamp64/www/enugu_diocese/" local="131172469040000000" remote="131172469040000000" Dst="0" />
<file name="play_arrow.svg" server="C:/wamp64/www/enugu_diocese/" local="131172469040000000" remote="131172469040000000" Dst="0" />
<file name="refresh.svg" server="C:/wamp64/www/enugu_diocese/" local="131172469040000000" remote="131172469040000000" Dst="0" />
<file name="videocam.svg" server="C:/wamp64/www/enugu_diocese/" local="131172469040000000" remote="131172469040000000" Dst="0" />
<file name="wallpaper.svg" server="C:/wamp64/www/enugu_diocese/" local="131172469040000000" remote="131172469040000000" Dst="0" />
<file name="warning.svg" server="C:/wamp64/www/enugu_diocese/" local="131172469040000000" remote="131172469040000000" Dst="0" />
</dwsync>