<?xml version="1.0" encoding="utf-8" ?>
<dwsync>
<file name="add.png" server="C:/wamp64/www/enugu_diocese/" local="131528125920000000" remote="131528125920000000" Dst="0" />
<file name="big_mail.png" server="C:/wamp64/www/enugu_diocese/" local="131528125920000000" remote="131528125920000000" Dst="0" />
<file name="cancel.png" server="C:/wamp64/www/enugu_diocese/" local="131528125920000000" remote="131528125920000000" Dst="0" />
<file name="CHART.jpg" server="C:/wamp64/www/enugu_diocese/" local="131528125940000000" remote="131528125940000000" Dst="0" />
<file name="close.png" server="C:/wamp64/www/enugu_diocese/" local="131528125920000000" remote="131528125920000000" Dst="0" />
<file name="default.png" server="C:/wamp64/www/enugu_diocese/" local="131528125900000000" remote="131528125900000000" Dst="0" />
<file name="delete.png" server="C:/wamp64/www/enugu_diocese/" local="131528125900000000" remote="131528125900000000" Dst="0" />
<file name="download.png" server="C:/wamp64/www/enugu_diocese/" local="131528125900000000" remote="131528125900000000" Dst="0" />
<file name="excel.png" server="C:/wamp64/www/enugu_diocese/" local="131528125880000000" remote="131528125880000000" Dst="0" />
<file name="google.png" server="C:/wamp64/www/enugu_diocese/" local="131528125880000000" remote="131528125880000000" Dst="0" />
<file name="log-icon.jpg" server="C:/wamp64/www/enugu_diocese/" local="131528125880000000" remote="131528125880000000" Dst="0" />
<file name="message.png" server="C:/wamp64/www/enugu_diocese/" local="131528125860000000" remote="131528125860000000" Dst="0" />
<file name="minimize.png" server="C:/wamp64/www/enugu_diocese/" local="131528125860000000" remote="131528125860000000" Dst="0" />
<file name="new.jpg" server="C:/wamp64/www/enugu_diocese/" local="131528125860000000" remote="131528125860000000" Dst="0" />
<file name="new.png" server="C:/wamp64/www/enugu_diocese/" local="131528125860000000" remote="131528125860000000" Dst="0" />
<file name="NOCHART.jpg" server="C:/wamp64/www/enugu_diocese/" local="131528125940000000" remote="131528125940000000" Dst="0" />
<file name="open.png" server="C:/wamp64/www/enugu_diocese/" local="131528125840000000" remote="131528125840000000" Dst="0" />
<file name="pdf.png" server="C:/wamp64/www/enugu_diocese/" local="131528125840000000" remote="131528125840000000" Dst="0" />
<file name="play_back.png" server="C:/wamp64/www/enugu_diocese/" local="131528125840000000" remote="131528125840000000" Dst="0" />
<file name="print.png" server="C:/wamp64/www/enugu_diocese/" local="131528125820000000" remote="131528125820000000" Dst="0" />
<file name="refresh.jpg" server="C:/wamp64/www/enugu_diocese/" local="131528125820000000" remote="131528125820000000" Dst="0" />
<file name="refresh.png" server="C:/wamp64/www/enugu_diocese/" local="131528125820000000" remote="131528125820000000" Dst="0" />
<file name="remove.png" server="C:/wamp64/www/enugu_diocese/" local="131528125800000000" remote="131528125800000000" Dst="0" />
<file name="reset.png" server="C:/wamp64/www/enugu_diocese/" local="131528125800000000" remote="131528125800000000" Dst="0" />
<file name="save.png" server="C:/wamp64/www/enugu_diocese/" local="131528125800000000" remote="131528125800000000" Dst="0" />
<file name="setup.png" server="C:/wamp64/www/enugu_diocese/" local="131528125800000000" remote="131528125800000000" Dst="0" />
<file name="sms.png" server="C:/wamp64/www/enugu_diocese/" local="131528125780000000" remote="131528125780000000" Dst="0" />
<file name="success.png" server="C:/wamp64/www/enugu_diocese/" local="131528125780000000" remote="131528125780000000" Dst="0" />
<file name="void.png" server="C:/wamp64/www/enugu_diocese/" local="131528125780000000" remote="131528125780000000" Dst="0" />
</dwsync>