<?xml version="1.0" encoding="utf-8" ?>
<dwsync>
<file name="uploadDialog_v2_0.css" server="C:/wamp64/www/enugu_diocese/" local="131884885020000000" remote="131884885020000000" Dst="0" />
<file name="bootstrap.css" server="C:/wamp64/www/enugu_diocese/" local="131528125060000000" remote="131528125060000000" Dst="0" />
<file name="dashboard.css" server="C:/wamp64/www/enugu_diocese/" local="131865836700000000" remote="131865836700000000" Dst="0" />
<file name="daterangepicker.css" server="C:/wamp64/www/enugu_diocese/" local="131743207780000000" remote="131743207780000000" Dst="0" />
<file name="daterangepicker.min.css" server="C:/wamp64/www/enugu_diocese/" local="131692184620000000" remote="131692184620000000" Dst="0" />
<file name="default.css" server="C:/wamp64/www/enugu_diocese/" local="131871027160000000" remote="131871027160000000" Dst="0" />
<file name="form.css" server="C:/wamp64/www/enugu_diocese/" local="131693004840000000" remote="131693004840000000" Dst="0" />
<file name="generic_pictures.css" server="C:/wamp64/www/enugu_diocese/" local="131884899660000000" remote="131884899660000000" Dst="0" />
<file name="index.css" server="C:/wamp64/www/enugu_diocese/" local="131940098496162027" remote="131940098490000000" Dst="0" />
<file name="invoice.css" server="C:/wamp64/www/enugu_diocese/" local="131528125020000000" remote="131528125020000000" Dst="0" />
<file name="material.woff2" server="C:/wamp64/www/enugu_diocese/" local="131667861060000000" remote="131667861060000000" Dst="0" />
<file name="materialize.css" server="C:/wamp64/www/enugu_diocese/" local="131528125000000000" remote="131528125000000000" Dst="0" />
<file name="materialize.min.css" server="C:/wamp64/www/enugu_diocese/" local="131528125000000000" remote="131528125000000000" Dst="0" />
<file name="material_icons.css" server="C:/wamp64/www/enugu_diocese/" local="131711046300000000" remote="131711046300000000" Dst="0" />
<file name="print.css" server="C:/wamp64/www/enugu_diocese/" local="131726823780000000" remote="131726823780000000" Dst="0" />
<file name="responsive.css" server="C:/wamp64/www/enugu_diocese/" local="131528124960000000" remote="131528124960000000" Dst="0" />
<file name="materialize.css" server="C:/wamp64/www/eass_enugu" local="131528125000000000" remote="131528125000000000" Dst="0" />
<file name="materialize.css" server="C:/xampp/htdocs/judan/" local="131528125000000000" remote="131528125000000000" Dst="0" />
<file name="index.css" server="C:/xampp/htdocs/judan/" local="131940098496162027" remote="131940098490000000" Dst="0" />
<file name="responsive.css" server="C:/xampp/htdocs/judan/" local="131528124960000000" remote="131528124960000000" Dst="0" />
</dwsync>