<?xml version="1.0" encoding="utf-8" ?>
<dwsync>
<file name="generic_level.php" server="C:/wamp64/www/enugu_diocese/" local="131940120947317629" remote="131940120940000000" Dst="0" />
<file name="generic_parameter.php" server="C:/wamp64/www/enugu_diocese/" local="131883893120000000" remote="131883893120000000" Dst="0" />
<file name="generic_form.php" server="C:/wamp64/www/enugu_diocese/" local="131928076697967721" remote="131928076690000000" Dst="0" />
<file name="generic_results.php" server="C:/wamp64/www/enugu_diocese/" local="131940212840900075" remote="131940212840000000" Dst="0" />
<file name="dashboard.php" server="C:/wamp64/www/enugu_diocese/" local="131939132788613838" remote="131939132780000000" Dst="0" />
<file name="generic_content.php" server="C:/wamp64/www/enugu_diocese/" local="131939224576476297" remote="131939224570000000" Dst="0" />
<file name="generic_form.php" server="C:/wamp64/www/eass_enugu" local="131928076697967721" remote="131928076690000000" Dst="0" />
<file name="generic_content.php" server="C:/wamp64/www/eass_enugu" local="131938312672150217" remote="131938312670000000" Dst="0" />
<file name="content.php" server="C:/wamp64/www/enugu_diocese/" local="131940134650620718" remote="131940134650000000" Dst="0" />
<file name="generic_results.php" server="C:/wamp64/www/eass_enugu" local="131940212840900075" remote="131940212840000000" Dst="0" />
</dwsync>