<?xml version="1.0" encoding="utf-8" ?>
<dwsync>
<file name="aes-min.js" server="C:/wamp64/www/enugu_diocese/" local="131528126740000000" remote="131528126740000000" Dst="0" />
<file name="aes.js" server="C:/wamp64/www/enugu_diocese/" local="131528126740000000" remote="131528126740000000" Dst="0" />
<file name="cipher-core-min.js" server="C:/wamp64/www/enugu_diocese/" local="131528126740000000" remote="131528126740000000" Dst="0" />
<file name="cipher-core.js" server="C:/wamp64/www/enugu_diocese/" local="131528126740000000" remote="131528126740000000" Dst="0" />
<file name="core-min.js" server="C:/wamp64/www/enugu_diocese/" local="131528126720000000" remote="131528126720000000" Dst="0" />
<file name="core.js" server="C:/wamp64/www/enugu_diocese/" local="131528126720000000" remote="131528126720000000" Dst="0" />
<file name="enc-base64-min.js" server="C:/wamp64/www/enugu_diocese/" local="131528126700000000" remote="131528126700000000" Dst="0" />
<file name="enc-base64.js" server="C:/wamp64/www/enugu_diocese/" local="131528126700000000" remote="131528126700000000" Dst="0" />
<file name="enc-utf16-min.js" server="C:/wamp64/www/enugu_diocese/" local="131528126700000000" remote="131528126700000000" Dst="0" />
<file name="enc-utf16.js" server="C:/wamp64/www/enugu_diocese/" local="131528126680000000" remote="131528126680000000" Dst="0" />
<file name="evpkdf-min.js" server="C:/wamp64/www/enugu_diocese/" local="131528126680000000" remote="131528126680000000" Dst="0" />
<file name="evpkdf.js" server="C:/wamp64/www/enugu_diocese/" local="131528126680000000" remote="131528126680000000" Dst="0" />
<file name="format-hex-min.js" server="C:/wamp64/www/enugu_diocese/" local="131528126680000000" remote="131528126680000000" Dst="0" />
<file name="format-hex.js" server="C:/wamp64/www/enugu_diocese/" local="131528126660000000" remote="131528126660000000" Dst="0" />
<file name="hmac-min.js" server="C:/wamp64/www/enugu_diocese/" local="131528126660000000" remote="131528126660000000" Dst="0" />
<file name="hmac.js" server="C:/wamp64/www/enugu_diocese/" local="131528126660000000" remote="131528126660000000" Dst="0" />
<file name="lib-typedarrays-min.js" server="C:/wamp64/www/enugu_diocese/" local="131528126660000000" remote="131528126660000000" Dst="0" />
<file name="lib-typedarrays.js" server="C:/wamp64/www/enugu_diocese/" local="131528126640000000" remote="131528126640000000" Dst="0" />
<file name="md5-min.js" server="C:/wamp64/www/enugu_diocese/" local="131528126640000000" remote="131528126640000000" Dst="0" />
<file name="md5.js" server="C:/wamp64/www/enugu_diocese/" local="131528126620000000" remote="131528126620000000" Dst="0" />
<file name="mode-cfb-min.js" server="C:/wamp64/www/enugu_diocese/" local="131528126620000000" remote="131528126620000000" Dst="0" />
<file name="mode-cfb.js" server="C:/wamp64/www/enugu_diocese/" local="131528126620000000" remote="131528126620000000" Dst="0" />
<file name="mode-ctr-gladman-min.js" server="C:/wamp64/www/enugu_diocese/" local="131528126620000000" remote="131528126620000000" Dst="0" />
<file name="mode-ctr-gladman.js" server="C:/wamp64/www/enugu_diocese/" local="131528126600000000" remote="131528126600000000" Dst="0" />
<file name="mode-ctr-min.js" server="C:/wamp64/www/enugu_diocese/" local="131528126600000000" remote="131528126600000000" Dst="0" />
<file name="mode-ctr.js" server="C:/wamp64/www/enugu_diocese/" local="131528126600000000" remote="131528126600000000" Dst="0" />
<file name="mode-ecb-min.js" server="C:/wamp64/www/enugu_diocese/" local="131528126600000000" remote="131528126600000000" Dst="0" />
<file name="mode-ecb.js" server="C:/wamp64/www/enugu_diocese/" local="131528126580000000" remote="131528126580000000" Dst="0" />
<file name="mode-ofb-min.js" server="C:/wamp64/www/enugu_diocese/" local="131528126580000000" remote="131528126580000000" Dst="0" />
<file name="mode-ofb.js" server="C:/wamp64/www/enugu_diocese/" local="131528126560000000" remote="131528126560000000" Dst="0" />
<file name="pad-ansix923-min.js" server="C:/wamp64/www/enugu_diocese/" local="131528126560000000" remote="131528126560000000" Dst="0" />
<file name="pad-ansix923.js" server="C:/wamp64/www/enugu_diocese/" local="131528126560000000" remote="131528126560000000" Dst="0" />
<file name="pad-iso10126-min.js" server="C:/wamp64/www/enugu_diocese/" local="131528126560000000" remote="131528126560000000" Dst="0" />
<file name="pad-iso10126.js" server="C:/wamp64/www/enugu_diocese/" local="131528126540000000" remote="131528126540000000" Dst="0" />
<file name="pad-iso97971-min.js" server="C:/wamp64/www/enugu_diocese/" local="131528126540000000" remote="131528126540000000" Dst="0" />
<file name="pad-iso97971.js" server="C:/wamp64/www/enugu_diocese/" local="131528126520000000" remote="131528126520000000" Dst="0" />
<file name="pad-nopadding-min.js" server="C:/wamp64/www/enugu_diocese/" local="131528126520000000" remote="131528126520000000" Dst="0" />
<file name="pad-nopadding.js" server="C:/wamp64/www/enugu_diocese/" local="131528126520000000" remote="131528126520000000" Dst="0" />
<file name="pad-zeropadding-min.js" server="C:/wamp64/www/enugu_diocese/" local="131528126520000000" remote="131528126520000000" Dst="0" />
<file name="pad-zeropadding.js" server="C:/wamp64/www/enugu_diocese/" local="131528126500000000" remote="131528126500000000" Dst="0" />
<file name="pbkdf2-min.js" server="C:/wamp64/www/enugu_diocese/" local="131528126500000000" remote="131528126500000000" Dst="0" />
<file name="pbkdf2.js" server="C:/wamp64/www/enugu_diocese/" local="131528126480000000" remote="131528126480000000" Dst="0" />
<file name="rabbit-legacy-min.js" server="C:/wamp64/www/enugu_diocese/" local="131528126480000000" remote="131528126480000000" Dst="0" />
<file name="rabbit-legacy.js" server="C:/wamp64/www/enugu_diocese/" local="131528126480000000" remote="131528126480000000" Dst="0" />
<file name="rabbit-min.js" server="C:/wamp64/www/enugu_diocese/" local="131528126460000000" remote="131528126460000000" Dst="0" />
<file name="rabbit.js" server="C:/wamp64/www/enugu_diocese/" local="131528126460000000" remote="131528126460000000" Dst="0" />
<file name="rc4-min.js" server="C:/wamp64/www/enugu_diocese/" local="131528126460000000" remote="131528126460000000" Dst="0" />
<file name="rc4.js" server="C:/wamp64/www/enugu_diocese/" local="131528126440000000" remote="131528126440000000" Dst="0" />
<file name="ripemd160-min.js" server="C:/wamp64/www/enugu_diocese/" local="131528126440000000" remote="131528126440000000" Dst="0" />
<file name="ripemd160.js" server="C:/wamp64/www/enugu_diocese/" local="131528126440000000" remote="131528126440000000" Dst="0" />
<file name="sha1-min.js" server="C:/wamp64/www/enugu_diocese/" local="131528126440000000" remote="131528126440000000" Dst="0" />
<file name="sha1.js" server="C:/wamp64/www/enugu_diocese/" local="131528126420000000" remote="131528126420000000" Dst="0" />
<file name="sha224-min.js" server="C:/wamp64/www/enugu_diocese/" local="131528126420000000" remote="131528126420000000" Dst="0" />
<file name="sha224.js" server="C:/wamp64/www/enugu_diocese/" local="131528126400000000" remote="131528126400000000" Dst="0" />
<file name="sha256-min.js" server="C:/wamp64/www/enugu_diocese/" local="131528126400000000" remote="131528126400000000" Dst="0" />
<file name="sha256.js" server="C:/wamp64/www/enugu_diocese/" local="131528126400000000" remote="131528126400000000" Dst="0" />
<file name="sha3-min.js" server="C:/wamp64/www/enugu_diocese/" local="131528126400000000" remote="131528126400000000" Dst="0" />
<file name="sha3.js" server="C:/wamp64/www/enugu_diocese/" local="131528126380000000" remote="131528126380000000" Dst="0" />
<file name="sha384-min.js" server="C:/wamp64/www/enugu_diocese/" local="131528126380000000" remote="131528126380000000" Dst="0" />
<file name="sha384.js" server="C:/wamp64/www/enugu_diocese/" local="131528126380000000" remote="131528126380000000" Dst="0" />
<file name="sha512-min.js" server="C:/wamp64/www/enugu_diocese/" local="131528126360000000" remote="131528126360000000" Dst="0" />
<file name="sha512.js" server="C:/wamp64/www/enugu_diocese/" local="131528126360000000" remote="131528126360000000" Dst="0" />
<file name="tripledes-min.js" server="C:/wamp64/www/enugu_diocese/" local="131528126360000000" remote="131528126360000000" Dst="0" />
<file name="tripledes.js" server="C:/wamp64/www/enugu_diocese/" local="131528126340000000" remote="131528126340000000" Dst="0" />
<file name="x64-core-min.js" server="C:/wamp64/www/enugu_diocese/" local="131528126340000000" remote="131528126340000000" Dst="0" />
<file name="x64-core.js" server="C:/wamp64/www/enugu_diocese/" local="131528126320000000" remote="131528126320000000" Dst="0" />
</dwsync>